filename,label
image_001.jpg,acne;oily
image_002.jpg,acne
image_003.jpg,acne
image_004.jpg,acne
image_005.jpg,acne
image_006.jpg,acne
image_007.jpg,acne
image_008.jpg,acne
image_009.jpg,acne
image_010.jpg,acne
image_011.jpg,acne
image_012.jpg,acne
image_013.jpg,acne
image_014.jpg,acne
image_015.jpg,acne
image_016.jpg,acne;wrinkle
image_017.jpg,acne;wrinkle
image_018.jpg,acne
image_019.jpg,acne
image_020.jpg,acne
image_021.jpg,acne
image_022.jpg,acne
image_023.jpg,acne
image_024.jpg,acne
image_025.jpg,acne
image_026.jpg,acne
image_027.jpg,acne
image_028.jpg,acne
image_029.jpg,acne
image_030.jpg,acne
image_031.jpg,acne
image_032.jpg,acne
image_033.jpg,acne
image_034.jpg,acne
image_035.jpg,acne
image_036.jpg,acne
image_037.jpg,acne
image_038.jpg,acne
image_039.jpg,acne
image_040.jpg,acne
image_041.jpg,acne
image_042.jpg,acne
image_043.jpg,acne
image_044.jpg,acne
image_045.jpg,acne
image_046.jpg,acne
image_047.jpg,acne;darkspot
image_048.jpg,acne
image_049.jpg,acne
image_050.jpg,acne
image_051.jpg,acne
image_052.jpg,acne
image_053.jpg,acne
image_054.jpg,acne
image_055.jpg,acne
image_056.jpg,acne
image_057.jpg,acne
image_058.jpg,acne
image_059.jpg,acne
image_060.jpg,acne
image_061.jpg,acne
image_062.jpg,acne
image_063.jpg,acne
image_064.jpg,acne
image_065.jpg,acne
image_066.jpg,acne
image_067.jpg,acne
image_068.jpg,acne
image_069.jpg,acne
image_070.jpg,acne
image_071.jpg,acne
image_072.jpg,acne
image_073.jpg,acne
image_074.jpg,acne
image_075.jpg,acne
image_076.jpg,acne
image_077.jpg,acne
image_078.jpg,acne
image_079.jpg,acne
image_080.jpg,acne
image_081.jpg,acne
image_082.jpg,acne
image_083.jpg,acne
image_084.jpg,acne
image_085.jpg,acne
image_086.jpg,acne
image_087.jpg,acne
image_088.jpg,acne
image_089.jpg,acne;dry
image_090.jpg,acne
image_091.jpg,acne
image_092.jpg,acne
image_093.jpg,acne
image_094.jpg,acne
image_095.jpg,acne
image_096.jpg,acne
image_097.jpg,acne
image_098.jpg,acne;dry
image_099.jpg,acne
image_100.jpg,acne
image_101.jpg,acne
image_102.jpg,acne
image_103.jpg,acne
image_104.jpg,acne
image_105.jpg,acne
image_106.jpg,acne;oily
image_107.jpg,acne
image_108.jpg,acne
image_109.jpg,acne;oily
image_110.jpg,acne
image_111.jpg,acne
image_112.jpg,acne
image_113.jpg,acne;oily
image_114.jpg,acne
image_115.jpg,acne;oily
image_116.jpg,acne
image_117.jpg,acne
image_118.jpg,acne;oily
image_119.jpg,acne
image_120.jpg,acne
image_121.jpg,acne
image_122.jpg,acne
image_123.jpg,acne
image_124.jpg,acne
image_125.jpg,acne
image_126.jpg,acne
image_127.jpg,acne
image_128.jpg,acne;oily
image_129.jpg,acne
image_130.jpg,acne
image_131.jpg,acne
image_132.jpg,acne
image_133.jpg,acne
image_134.jpg,acne
image_135.jpg,acne
image_136.jpg,acne
image_137.jpg,acne
image_138.jpg,acne
image_139.jpg,acne
image_140.jpg,acne
image_141.jpg,acne
image_142.jpg,acne
image_143.jpg,acne
image_144.jpg,acne
image_145.jpg,acne
image_146.jpg,acne
image_147.jpg,acne
image_148.jpg,acne
image_149.jpg,acne
image_150.jpg,acne
image_151.jpg,acne
image_152.jpg,acne
image_153.jpg,acne;oily
image_154.jpg,acne
image_155.jpg,acne
image_156.jpg,acne
image_157.jpg,acne
image_158.jpg,acne
image_159.jpg,acne
image_160.jpg,acne
image_161.jpg,acne
image_162.jpg,acne
image_163.jpg,acne
image_164.jpg,acne
image_165.jpg,acne
image_166.jpg,acne
image_167.jpg,acne
image_168.jpg,acne
image_169.jpg,acne
image_170.jpg,acne
image_171.jpg,acne
image_172.jpg,acne
image_173.jpg,acne
image_174.jpg,acne
image_175.jpg,acne
image_176.jpg,acne;dry
image_177.jpg,acne
image_178.jpg,acne
image_179.jpg,acne
image_180.jpg,acne
image_181.jpg,acne
image_182.jpg,acne
image_183.jpg,acne
image_184.jpg,acne
image_185.jpg,acne;dry
image_186.jpg,acne
image_187.jpg,acne;oily
image_188.jpg,acne
image_189.jpg,acne
image_190.jpg,acne
image_191.jpg,acne;dry
image_192.jpg,acne
image_193.jpg,acne;dry
image_194.jpg,acne
image_195.jpg,acne
image_196.jpg,acne
image_197.jpg,acne;dry
image_198.jpg,acne
image_199.jpg,acne
image_200.jpg,acne;darkspot
image_201.jpg,acne;oily
image_202.jpg,acne
image_203.jpg,acne
image_204.jpg,acne
image_205.jpg,acne;darkspot
image_206.jpg,acne
image_207.jpg,acne
image_208.jpg,acne;wrinkle
image_209.jpg,acne;darkspot
image_210.jpg,acne
image_211.jpg,acne
image_212.jpg,acne;darkspot
image_213.jpg,acne
image_214.jpg,acne;darkspot
image_215.jpg,acne;darkspot
image_216.jpg,acne
image_217.jpg,acne;wrinkle;dry
image_218.jpg,acne
image_219.jpg,acne
image_220.jpg,acne
image_221.jpg,acne
image_222.jpg,acne
image_223.jpg,acne
image_224.jpg,acne
image_225.jpg,acne
image_226.jpg,acne
image_227.jpg,acne
image_228.jpg,acne
image_229.jpg,acne
image_230.jpg,acne
image_231.jpg,acne
image_232.jpg,acne
image_233.jpg,acne
image_234.jpg,acne
image_235.jpg,acne;oily
image_236.jpg,acne;oily
image_237.jpg,acne;oily
image_238.jpg,acne
image_239.jpg,acne
image_240.jpg,acne
image_241.jpg,acne
image_242.jpg,acne
image_243.jpg,acne
image_244.jpg,acne
image_245.jpg,acne
image_246.jpg,acne
image_247.jpg,acne
image_248.jpg,acne
image_249.jpg,acne
image_250.jpg,acne
image_251.jpg,acne;oily
image_252.jpg,acne
image_253.jpg,acne
image_254.jpg,acne
image_255.jpg,acne
image_256.jpg,acne
image_257.jpg,acne
image_258.jpg,acne
image_259.jpg,acne
image_260.jpg,acne
image_261.jpg,acne
image_262.jpg,acne
image_263.jpg,acne
image_264.jpg,acne
image_265.jpg,acne
image_266.jpg,acne
image_267.jpg,acne
image_268.jpg,acne;oily
image_269.jpg,acne
image_270.jpg,acne
image_271.jpg,acne
image_272.jpg,acne
image_273.jpg,acne
image_274.jpg,acne
image_275.jpg,acne
image_276.jpg,acne;dry
image_277.jpg,acne
image_278.jpg,acne
image_279.jpg,acne
image_280.jpg,acne;dry
image_281.jpg,acne
image_282.jpg,acne
image_283.jpg,acne
image_284.jpg,acne
image_285.jpg,acne
image_286.jpg,acne
image_287.jpg,acne
image_288.jpg,acne
image_289.jpg,acne
image_290.jpg,acne
image_291.jpg,acne
image_292.jpg,acne
image_293.jpg,acne
image_294.jpg,acne;oily
image_295.jpg,acne;darkspot
image_296.jpg,acne
image_297.jpg,acne
image_298.jpg,acne
image_299.jpg,acne
image_300.jpg,acne
image_301.jpg,acne
image_302.jpg,acne
image_303.jpg,acne
image_304.jpg,acne
image_305.jpg,acne
image_306.jpg,acne
image_307.jpg,acne
image_308.jpg,acne
image_309.jpg,acne
image_310.jpg,acne
image_311.jpg,acne
image_312.jpg,acne
image_313.jpg,acne
image_314.jpg,acne;wrinkle;darkspot
image_315.jpg,acne
image_316.jpg,acne;wrinkle
image_317.jpg,acne
image_318.jpg,acne
image_319.jpg,acne;oily
image_320.jpg,acne;darkspot
image_321.jpg,darkspot
image_322.jpg,darkspot;wrinkle;oily
image_323.jpg,acne
image_324.jpg,acne;darkspot
image_325.jpg,acne;wrinkle
image_326.jpg,acne;darkspot
image_327.jpg,acne
image_328.jpg,acne
image_329.jpg,acne
image_330.jpg,acne
image_331.jpg,acne
image_332.jpg,acne
image_333.jpg,acne
image_334.jpg,acne
image_335.jpg,acne
image_336.jpg,acne;oily;wrinkle
image_337.jpg,acne
image_338.jpg,acne;darkspot
image_339.jpg,acne;wrinkle
image_340.jpg,acne
image_341.jpg,acne;oily
image_342.jpg,acne
image_343.jpg,acne
image_344.jpg,acne;oily
image_345.jpg,acne
image_346.jpg,acne
image_347.jpg,acne;darkspot
image_348.jpg,acne
image_349.jpg,acne;darkspot
image_350.jpg,acne
image_351.jpg,acne
image_352.jpg,acne
image_353.jpg,acne
image_354.jpg,acne
image_355.jpg,acne;darkspot
image_356.jpg,acne;wrinkle
image_357.jpg,acne;wrinkle
image_358.jpg,acne
image_359.jpg,acne
image_360.jpg,acne;darkspot;wrinkle
image_361.jpg,acne;wrinkle
image_362.jpg,acne
image_363.jpg,acne;oily;darkspot
image_364.jpg,acne
image_365.jpg,darkspot;wrinkle
image_366.jpg,acne
image_367.jpg,acne
image_368.jpg,acne
image_369.jpg,acne;wrinkle
image_370.jpg,acne
image_371.jpg,acne;darkspot;wrinkle
image_372.jpg,acne
image_373.jpg,acne
image_374.jpg,acne
image_375.jpg,acne;wrinkle
image_376.jpg,acne;darkspot;wrinkle
image_377.jpg,acne;darkspot
image_378.jpg,acne
image_379.jpg,acne
image_380.jpg,acne;wrinkle
image_381.jpg,acne;darkspot
image_382.jpg,acne
image_383.jpg,acne;darkspot
image_384.jpg,acne
image_385.jpg,acne
image_386.jpg,acne;wrinkle
image_387.jpg,acne
image_388.jpg,acne;oily
image_389.jpg,acne;darkspot
image_390.jpg,acne
image_391.jpg,acne
image_392.jpg,acne
image_393.jpg,acne;wrinkle
image_394.jpg,acne;wrinkle
image_395.jpg,acne
image_396.jpg,acne
image_397.jpg,acne
image_398.jpg,acne;darkspot
image_399.jpg,acne;darkspot
image_400.jpg,acne
image_401.jpg,acne
image_402.jpg,acne;darkspot
image_403.jpg,acne
image_404.jpg,acne
image_405.jpg,acne;darkspot
image_406.jpg,acne
image_407.jpg,acne;oily
image_408.jpg,acne;wrinkle
image_409.jpg,acne
image_410.jpg,acne;darkspot
image_411.jpg,acne;darkspot
image_412.jpg,acne
image_413.jpg,acne;darkspot
image_414.jpg,acne
image_415.jpg,acne
image_416.jpg,acne;darkspot
image_417.jpg,acne
image_418.jpg,acne
image_419.jpg,acne
image_420.jpg,acne
image_421.jpg,acne;wrinkle
image_422.jpg,acne;wrinkle
image_423.jpg,acne;oily
image_424.jpg,acne;darkspot
image_425.jpg,acne
image_426.jpg,acne;oily
image_427.jpg,acne;darkspot
image_428.jpg,acne
image_429.jpg,acne
image_430.jpg,acne;darkspot
image_431.jpg,acne
image_432.jpg,acne
image_433.jpg,acne
image_434.jpg,acne
image_435.jpg,acne
image_436.jpg,acne
image_437.jpg,acne
image_438.jpg,acne;wrinkle
image_439.jpg,acne
image_440.jpg,acne;wrinkle
image_441.jpg,acne
image_442.jpg,acne
image_443.jpg,acne
image_444.jpg,acne
image_445.jpg,acne;wrinkle
image_446.jpg,acne
image_447.jpg,acne;darkspot
image_448.jpg,acne
image_449.jpg,acne
image_450.jpg,acne
image_451.jpg,acne
image_452.jpg,acne
image_453.jpg,acne;darkspot
image_454.jpg,acne
image_455.jpg,acne
image_456.jpg,acne
image_457.jpg,acne
image_458.jpg,acne;wrinkle
image_459.jpg,acne
image_460.jpg,acne
image_461.jpg,acne
image_462.jpg,acne
image_463.jpg,acne
image_464.jpg,acne
image_465.jpg,acne;darkspot
image_466.jpg,acne
image_467.jpg,acne;darkspot
image_468.jpg,acne
image_469.jpg,acne
image_470.jpg,acne;darkspot
image_471.jpg,acne;wrinkle
image_472.jpg,acne
image_473.jpg,acne
image_474.jpg,acne;wrinkle
image_475.jpg,acne
image_476.jpg,acne
image_477.jpg,acne
image_478.jpg,acne
image_479.jpg,acne
image_480.jpg,acne;wrinkle
image_481.jpg,acne
image_482.jpg,acne;wrinkle
image_483.jpg,acne
image_484.jpg,acne
image_485.jpg,acne;wrinkle
image_486.jpg,acne
image_487.jpg,acne
image_488.jpg,acne
image_489.jpg,acne
image_490.jpg,acne
image_491.jpg,acne
image_492.jpg,acne
image_493.jpg,acne
image_494.jpg,acne
image_495.jpg,acne
image_496.jpg,acne
image_497.jpg,acne
image_498.jpg,acne
image_499.jpg,acne
image_500.jpg,acne
image_501.jpg,acne
image_502.jpg,acne
image_503.jpg,acne
image_504.jpg,acne
image_505.jpg,acne
image_506.jpg,acne;darkspot
image_507.jpg,acne
image_508.jpg,acne
image_509.jpg,acne;darkspot
image_510.jpg,acne;darkspot
image_511.jpg,acne;wrinkle
image_512.jpg,acne
image_513.jpg,acne;darkspot
image_514.jpg,acne
image_515.jpg,acne
image_516.jpg,acne
image_517.jpg,acne
image_518.jpg,acne
image_519.jpg,acne
image_520.jpg,acne
image_521.jpg,acne
image_522.jpg,acne
image_523.jpg,acne
image_524.jpg,acne
image_525.jpg,acne;darkspot
image_526.jpg,acne
image_527.jpg,acne
image_528.jpg,acne
image_529.jpg,acne;darkspot
image_530.jpg,acne;dry;wrinkle
image_531.jpg,acne
image_532.jpg,acne;darkspot
image_533.jpg,acne;darkspot
image_534.jpg,acne
image_535.jpg,acne
image_536.jpg,acne
image_537.jpg,acne
image_538.jpg,acne
image_539.jpg,acne;darkspot
image_540.jpg,acne
image_541.jpg,acne
image_542.jpg,acne;darkspot;wrinkle
image_543.jpg,acne
image_544.jpg,acne
image_545.jpg,acne
image_546.jpg,acne
image_547.jpg,acne
image_548.jpg,acne
image_549.jpg,acne
image_550.jpg,acne
image_551.jpg,acne;darkspot
image_552.jpg,acne
image_553.jpg,acne
image_554.jpg,acne;darkspot
image_555.jpg,acne
image_556.jpg,acne
image_557.jpg,acne
image_558.jpg,acne
image_559.jpg,acne
image_560.jpg,acne
image_561.jpg,acne
image_562.jpg,acne
image_563.jpg,acne
image_564.jpg,acne
image_565.jpg,acne
image_566.jpg,acne
image_567.jpg,acne;wrinkle
image_568.jpg,acne
image_569.jpg,acne
image_570.jpg,acne
image_571.jpg,acne
image_572.jpg,acne
image_573.jpg,acne;darkspot
image_574.jpg,acne
image_575.jpg,acne
image_576.jpg,acne
image_577.jpg,acne
image_578.jpg,acne
image_579.jpg,acne
image_580.jpg,acne
image_581.jpg,acne;darkspot;wrinkle
image_582.jpg,acne
image_583.jpg,acne
image_584.jpg,acne
image_585.jpg,acne;wrinkle
image_586.jpg,acne
image_587.jpg,acne;darkspot
image_588.jpg,acne
image_589.jpg,acne
image_590.jpg,acne
image_591.jpg,acne
image_592.jpg,acne
image_593.jpg,acne
image_594.jpg,acne
image_595.jpg,acne
image_596.jpg,acne
image_597.jpg,acne
image_598.jpg,acne
image_599.jpg,acne
image_600.jpg,acne
image_601.jpg,acne
image_602.jpg,acne
image_603.jpg,acne
image_604.jpg,acne
image_605.jpg,acne
image_606.jpg,acne
image_607.jpg,acne
image_608.jpg,acne
image_609.jpg,acne
image_610.jpg,acne
image_611.jpg,acne
image_612.jpg,acne
image_613.jpg,acne
image_614.jpg,acne
image_615.jpg,acne
image_616.jpg,acne;darkspot
image_617.jpg,acne
image_618.jpg,acne
image_619.jpg,acne;darkspot
image_620.jpg,acne
image_621.jpg,acne
image_622.jpg,acne;darkspot;wrinkle
image_623.jpg,acne
image_624.jpg,acne
image_625.jpg,acne;wrinkle
image_626.jpg,acne
image_627.jpg,acne
image_628.jpg,acne
image_629.jpg,acne
image_630.jpg,acne
image_631.jpg,acne
image_632.jpg,acne
image_633.jpg,acne
image_634.jpg,acne
image_635.jpg,acne
image_636.jpg,acne
image_637.jpg,acne
image_638.jpg,acne
image_639.jpg,acne
image_640.jpg,acne
image_641.jpg,acne
image_642.jpg,acne
image_643.jpg,acne
image_644.jpg,acne
image_645.jpg,acne
image_646.jpg,acne
image_647.jpg,acne
image_648.jpg,acne
image_649.jpg,acne;wrinkle
image_650.jpg,acne
image_651.jpg,acne
image_652.jpg,acne
image_653.jpg,acne
image_654.jpg,acne;wrinkle
image_655.jpg,acne;wrinkle
image_656.jpg,acne
image_657.jpg,acne;wrinkle
image_658.jpg,acne
image_659.jpg,acne
image_660.jpg,acne
image_661.jpg,acne
image_662.jpg,acne
image_663.jpg,acne
image_664.jpg,acne
image_665.jpg,acne
image_666.jpg,acne
image_667.jpg,acne
image_668.jpg,acne
image_669.jpg,acne
image_670.jpg,acne
image_671.jpg,acne;darkspot
image_672.jpg,acne
image_673.jpg,acne
image_674.jpg,acne;wrinkle
image_675.jpg,acne
image_676.jpg,acne
image_677.jpg,acne
image_678.jpg,acne
image_679.jpg,acne
image_680.jpg,acne
image_681.jpg,acne
image_682.jpg,acne
image_683.jpg,acne
image_684.jpg,acne;darkspot
image_685.jpg,acne
image_686.jpg,acne
image_687.jpg,acne;wrinkle
image_688.jpg,acne;wrinkle
image_689.jpg,acne;wrinkle
image_690.jpg,acne
image_691.jpg,acne
image_692.jpg,acne
image_693.jpg,acne;darkspot
image_694.jpg,acne
image_695.jpg,acne
image_696.jpg,acne
image_697.jpg,acne;wrinkle
image_698.jpg,acne
image_699.jpg,acne
image_700.jpg,acne
image_701.jpg,acne
image_702.jpg,acne
image_703.jpg,acne
image_704.jpg,acne
image_705.jpg,acne
image_706.jpg,acne
image_707.jpg,acne
image_708.jpg,acne
image_709.jpg,acne
image_710.jpg,acne
image_711.jpg,acne
image_712.jpg,acne
image_713.jpg,acne
image_714.jpg,acne
image_715.jpg,acne
image_716.jpg,acne
image_717.jpg,acne
image_718.jpg,acne
image_719.jpg,acne
image_720.jpg,acne
image_721.jpg,acne
image_722.jpg,acne
image_723.jpg,acne
image_724.jpg,acne
image_725.jpg,acne
image_726.jpg,acne
image_727.jpg,acne
image_728.jpg,acne
image_729.jpg,acne
image_730.jpg,acne
image_731.jpg,acne
image_732.jpg,acne
image_733.jpg,acne
image_734.jpg,acne
image_735.jpg,acne
image_736.jpg,acne
image_737.jpg,acne
image_738.jpg,acne
image_739.jpg,acne
image_740.jpg,acne
image_741.jpg,acne
image_742.jpg,acne
image_743.jpg,acne
image_744.jpg,acne
image_745.jpg,acne
image_746.jpg,acne
image_747.jpg,acne
image_748.jpg,acne
image_749.jpg,acne
image_750.jpg,acne
image_751.jpg,acne
image_752.jpg,acne
image_753.jpg,acne
image_754.jpg,acne
image_755.jpg,acne
image_756.jpg,acne
image_757.jpg,acne
image_758.jpg,acne
image_759.jpg,acne
image_760.jpg,acne
image_761.jpg,acne
image_762.jpg,acne
image_763.jpg,acne
image_764.jpg,acne
image_765.jpg,acne
image_766.jpg,acne
image_767.jpg,acne
image_768.jpg,acne
image_769.jpg,acne
image_770.jpg,acne
image_771.jpg,acne
image_772.jpg,acne
image_773.jpg,acne
image_774.jpg,acne
image_775.jpg,acne
image_776.jpg,acne
image_777.jpg,acne
image_778.jpg,acne
image_779.jpg,acne
image_780.jpg,acne
image_781.jpg,acne
image_782.jpg,acne
image_783.jpg,acne
image_784.jpg,acne
image_785.jpg,acne
image_786.jpg,acne
image_787.jpg,acne
image_788.jpg,acne
image_789.jpg,acne
image_790.jpg,acne
image_791.jpg,acne
image_792.jpg,acne
image_793.jpg,acne
image_794.jpg,acne
image_795.jpg,acne
image_796.jpg,acne
image_797.jpg,acne
image_798.jpg,acne
image_799.jpg,acne
image_800.jpg,acne
image_801.jpg,acne
image_802.jpg,acne
image_803.jpg,acne
image_804.jpg,acne
image_805.jpg,acne
image_806.jpg,acne
image_807.jpg,acne
image_808.jpg,acne
image_809.jpg,acne
image_810.jpg,acne
image_811.jpg,acne
image_812.jpg,acne
image_813.jpg,acne
image_814.jpg,acne
image_815.jpg,acne
image_816.jpg,acne
image_817.jpg,acne
image_818.jpg,acne
image_819.jpg,acne
image_820.jpg,acne
image_821.jpg,acne
image_822.jpg,acne
image_823.jpg,acne
image_824.jpg,acne
image_825.jpg,acne
image_826.jpg,acne
image_827.jpg,acne
image_828.jpg,acne
image_829.jpg,acne
image_830.jpg,acne
image_831.jpg,acne
image_832.jpg,acne
image_833.jpg,acne
image_834.jpg,acne;dry
image_835.jpg,acne
image_836.jpg,acne
image_837.jpg,acne
image_838.jpg,acne
image_839.jpg,acne
image_840.jpg,acne
image_841.jpg,acne
image_842.jpg,acne
image_843.jpg,acne
image_844.jpg,acne
image_845.jpg,acne
image_846.jpg,acne
image_847.jpg,acne
image_848.jpg,acne
image_849.jpg,acne
image_850.jpg,acne
image_851.jpg,acne
image_852.jpg,acne
image_853.jpg,acne
image_854.jpg,acne
image_855.jpg,acne
image_856.jpg,acne
image_857.jpg,acne
image_858.jpg,acne
image_859.jpg,acne
image_860.jpg,acne
image_861.jpg,acne
image_862.jpg,acne
image_863.jpg,acne
image_864.jpg,acne
image_865.jpg,acne
image_866.jpg,acne
image_867.jpg,acne
image_868.jpg,acne
image_869.jpeg,dry
image_870.jpg,dry
image_871.jpeg,dry
image_872.jpg,dry
image_873.jpeg,dry
image_874.jpg,dry
image_875.jpeg,dry
image_876.jpg,dry
image_877.jpeg,dry
image_878.jpg,dry
image_879.jpeg,dry
image_880.jpg,dry
image_881.jpeg,dry
image_882.jpg,dry
image_883.jpeg,dry
image_884.jpg,dry
image_885.jpeg,dry
image_886.jpg,dry
image_887.jpeg,dry
image_888.jpg,dry
image_889.jpeg,dry
image_890.jpg,dry
image_891.jpeg,dry
image_892.jpg,dry
image_893.jpeg,dry
image_894.jpg,dry
image_895.jpeg,dry
image_896.jpg,dry
image_897.jpeg,dry
image_898.jpg,dry
image_899.jpeg,dry
image_900.jpg,dry
image_901.jpeg,dry
image_902.jpg,dry
image_903.jpeg,dry
image_904.jpg,dry;acne
image_905.jpeg,dry
image_906.jpg,dry;acne
image_907.jpeg,dry
image_908.jpg,dry
image_909.jpeg,dry
image_910.jpg,dry
image_911.jpeg,dry
image_912.jpg,dry
image_913.jpeg,dry
image_914.jpg,dry
image_915.jpeg,dry
image_916.jpg,dry;acne
image_917.jpeg,dry
image_918.jpg,dry
image_919.jpeg,dry
image_920.jpg,dry
image_921.jpeg,dry
image_922.jpg,dry
image_923.jpeg,dry
image_924.jpg,dry
image_925.jpeg,dry
image_926.jpg,dry
image_927.jpeg,dry
image_928.jpg,dry
image_929.jpeg,dry
image_930.jpg,dry
image_931.jpeg,dry;wrinkle
image_932.jpg,dry
image_933.jpeg,dry
image_934.jpg,dry
image_935.jpeg,dry
image_936.jpg,dry;acne
image_937.jpeg,dry
image_938.jpg,dry
image_939.jpeg,dry
image_940.jpg,dry
image_941.jpeg,dry;darkspot
image_942.jpg,dry
image_943.jpeg,dry
image_944.jpg,dry
image_945.jpeg,dry
image_946.jpg,dry
image_947.jpeg,dry
image_948.jpg,dry
image_949.jpeg,dry;acne
image_950.jpg,dry
image_951.jpeg,dry
image_952.jpg,dry
image_953.jpeg,dry
image_954.jpg,dry
image_955.jpeg,dry
image_956.jpg,dry
image_957.jpeg,dry
image_958.jpg,dry
image_959.jpeg,dry
image_960.jpg,dry
image_961.jpeg,dry
image_962.jpg,dry
image_963.jpeg,dry
image_964.jpg,dry
image_965.jpeg,dry
image_966.jpg,dry
image_967.jpeg,dry
image_968.jpg,dry
image_969.jpeg,dry
image_970.jpg,dry
image_971.jpeg,dry
image_972.jpg,dry
image_973.jpeg,dry;darkspot
image_974.jpg,dry
image_975.jpeg,dry;acne
image_976.jpg,dry
image_977.jpeg,dry
image_978.jpg,dry;darkspot
image_979.jpeg,dry
image_980.jpg,dry
image_981.jpeg,dry
image_982.jpg,dry
image_983.jpeg,dry
image_984.jpg,dry;acne
image_985.jpeg,dry
image_986.jpg,dry;acne
image_987.jpeg,dry
image_988.jpg,dry;acne
image_989.jpeg,dry
image_990.jpg,dry
image_991.jpeg,dry;acne;darkspot
image_992.jpg,dry;wrinkle
image_993.jpeg,dry
image_994.jpg,dry
image_995.jpeg,dry
image_996.jpg,dry
image_997.jpeg,dry;acne
image_998.jpg,dry;darkspot
image_999.jpeg,dry
image_1000.jpg,dry
image_1001.jpeg,dry
image_1002.jpg,dry
image_1003.jpeg,dry
image_1004.jpg,dry
image_1005.jpeg,dry
image_1006.jpg,dry
image_1007.jpeg,dry
image_1008.jpg,dry
image_1009.jpeg,dry
image_1010.jpg,dry;darkspot
image_1011.jpeg,dry
image_1012.jpg,dry
image_1013.jpeg,dry
image_1014.jpg,dry;acne
image_1015.jpeg,dry
image_1016.jpg,dry
image_1017.jpeg,dry
image_1018.jpg,dry;wrinkle
image_1019.jpeg,dry
image_1020.jpg,dry
image_1021.jpeg,dry
image_1022.jpg,dry
image_1023.jpeg,dry
image_1024.jpg,dry;acne
image_1025.jpeg,dry
image_1026.jpg,dry
image_1027.jpeg,dry
image_1028.jpg,dry;darkspot
image_1029.jpeg,dry
image_1030.jpg,dry
image_1031.jpeg,dry
image_1032.jpg,dry;acne
image_1033.jpeg,dry;acne
image_1034.jpg,dry
image_1035.jpeg,dry;acne;darkspot
image_1036.jpg,dry;acne
image_1037.jpeg,dry
image_1038.jpg,dry
image_1039.jpeg,dry
image_1040.jpg,dry
image_1041.jpeg,dry
image_1042.jpg,dry
image_1043.jpeg,dry
image_1044.jpg,dry;acne
image_1045.jpeg,dry
image_1046.jpg,dry
image_1047.jpeg,dry
image_1048.jpg,dry;acne
image_1049.jpeg,dry
image_1050.jpg,dry
image_1051.jpeg,dry
image_1052.jpg,dry
image_1053.jpeg,dry;acne
image_1054.jpg,dry
image_1055.jpeg,dry
image_1056.jpg,dry;acne
image_1057.jpeg,dry
image_1058.jpg,dry
image_1059.jpeg,dry
image_1060.jpg,dry
image_1061.jpeg,dry
image_1062.jpg,dry
image_1063.jpeg,dry
image_1064.jpg,dry
image_1065.jpeg,dry
image_1066.jpg,dry;acne
image_1067.jpeg,dry
image_1068.jpg,dry;acne
image_1069.jpeg,dry
image_1070.jpg,dry
image_1071.jpeg,dry
image_1072.jpg,dry
image_1073.jpeg,dry
image_1074.jpg,dry;wrinkle
image_1075.jpeg,dry
image_1076.jpg,dry;wrinkle
image_1077.jpeg,dry
image_1078.jpg,dry
image_1079.jpeg,dry
image_1080.jpg,dry;wrinkle;acne
image_1081.jpeg,dry
image_1082.jpg,dry
image_1083.jpeg,dry
image_1084.jpg,dry
image_1085.jpeg,dry
image_1086.jpg,dry;acne
image_1087.jpeg,dry
image_1088.jpg,dry
image_1089.jpeg,dry
image_1090.jpg,dry
image_1091.jpeg,dry
image_1092.jpg,dry
image_1093.jpeg,dry
image_1094.jpg,dry
image_1095.jpeg,dry
image_1096.jpg,dry
image_1097.jpeg,dry
image_1098.jpg,dry;acne
image_1099.jpeg,dry
image_1100.jpg,dry;acne
image_1101.jpeg,dry
image_1102.jpg,dry
image_1103.jpeg,dry
image_1104.jpg,dry;acne
image_1105.jpeg,dry
image_1106.jpg,dry;acne
image_1107.jpeg,dry
image_1108.jpg,dry;acne
image_1109.jpeg,dry
image_1110.jpg,dry
image_1111.jpeg,dry
image_1112.jpg,dry
image_1113.jpeg,dry
image_1114.jpg,dry
image_1115.jpeg,dry
image_1116.jpg,dry
image_1117.jpg,dry
image_1118.jpeg,dry
image_1119.jpg,dry;wrinkle
image_1120.jpg,dry;acne
image_1121.jpg,normal
image_1122.jpg,normal
image_1123.jpg,normal
image_1124.jpg,normal
image_1125.jpg,normal
image_1126.jpg,normal
image_1127.jpeg,dry
image_1128.jpg,dry;acne
image_1129.jpg,dry;darkspot
image_1130.jpg,normal
image_1131.jpg,normal
image_1132.jpg,normal
image_1133.jpg,normal
image_1134.jpg,normal
image_1135.jpg,normal
image_1136.jpg,normal
image_1137.jpg,normal
image_1138.jpg,acne
image_1139.jpeg,dry
image_1140.jpg,dry;acne
image_1141.jpg,dry
image_1142.jpg,normal
image_1143.jpg,normal
image_1144.jpg,dry
image_1145.jpg,dry;darkspot
image_1146.jpg,dry;wrinkle;darkspot
image_1147.jpg,normal
image_1148.jpg,normal
image_1149.jpg,wrinkle
image_1150.jpg,dry;wrinkle
image_1151.jpeg,dry
image_1152.jpg,dry
image_1153.jpg,normal
image_1154.jpg,normal
image_1155.jpg,normal
image_1156.jpg,normal
image_1157.jpg,normal
image_1158.jpg,normal
image_1159.jpg,wrinkle
image_1160.jpg,normal
image_1161.jpg,normal
image_1162.jpg,normal
image_1163.jpeg,dry
image_1164.jpg,dry
image_1165.jpg,normal
image_1166.jpg,dry
image_1167.jpg,darkspot
image_1168.jpg,dry
image_1169.jpg,normal
image_1170.jpg,normal
image_1171.jpg,normal
image_1172.jpg,normal
image_1173.jpg,dry;acne
image_1174.jpg,darkspot
image_1175.jpeg,dry
image_1176.jpg,dry
image_1177.jpg,normal
image_1178.jpg,dry;wrinkle
image_1179.jpg,normal
image_1180.jpg,normal
image_1181.jpg,normal
image_1182.jpg,normal
image_1183.jpg,normal
image_1184.jpg,normal
image_1185.jpg,normal
image_1186.jpg,normal
image_1187.jpeg,dry
image_1188.jpg,dry
image_1189.jpg,normal
image_1190.jpg,dry;wrinkle;acne
image_1191.jpg,dry
image_1192.jpg,acne
image_1193.jpg,dry
image_1194.jpg,normal
image_1195.jpg,normal
image_1196.jpg,dry;acne
image_1197.jpg,normal
image_1198.jpg,dry;acne
image_1199.jpeg,dry
image_1200.jpg,dry
image_1201.jpg,normal
image_1202.jpg,dry;acne
image_1203.jpg,dry
image_1204.jpg,wrinkle
image_1205.jpg,dry
image_1206.jpg,dry;wrinkle
image_1207.jpg,dry
image_1208.jpg,normal
image_1209.jpg,normal
image_1210.jpg,normal
image_1211.jpeg,dry
image_1212.jpg,acne
image_1213.jpg,darkspot
image_1214.jpg,normal
image_1215.jpg,normal
image_1216.jpg,normal
image_1217.jpg,normal
image_1218.jpg,normal
image_1219.jpg,normal
image_1220.jpg,normal
image_1221.jpg,normal
image_1222.jpg,normal
image_1223.jpeg,dry
image_1224.jpg,dry
image_1225.jpeg,dry
image_1226.jpg,dry
image_1227.jpg,dry
image_1228.jpg,darkspot
image_1229.jpg,darkspot
image_1230.jpg,dry;darkspot
image_1231.jpg,normal
image_1232.jpg,wrinkle
image_1233.jpg,darkspot
image_1234.jpg,acne
image_1235.jpg,wrinkle
image_1236.jpg,normal
image_1237.jpeg,dry
image_1238.jpg,dry
image_1239.jpg,normal
image_1240.jpg,normal
image_1241.jpg,oily
image_1242.jpg,dry;wrinkle
image_1243.jpg,normal
image_1244.jpg,normal
image_1245.jpg,normal
image_1246.jpg,normal
image_1247.jpg,normal
image_1248.jpg,normal
image_1249.jpeg,dry
image_1250.jpg,dry
image_1251.jpg,normal
image_1252.jpg,normal
image_1253.jpg,dry
image_1254.jpg,darkspot
image_1255.jpg,normal
image_1256.jpg,normal
image_1257.jpg,normal
image_1258.jpg,wrinkle;acne
image_1259.jpg,normal
image_1260.jpg,normal
image_1261.jpeg,acne
image_1262.jpg,dry
image_1263.jpg,dry;acne
image_1264.jpg,normal
image_1265.jpg,dry;wrinkle
image_1266.jpg,normal
image_1267.jpg,normal
image_1268.jpg,normal
image_1269.jpg,normal
image_1270.jpg,normal
image_1271.jpg,normal;acne
image_1272.jpg,dry;wrinkle
image_1273.jpeg,dry;acne
image_1274.jpg,normal
image_1275.jpg,normal
image_1276.jpg,dry
image_1277.jpg,dry;wrinkle
image_1278.jpg,oily
image_1279.jpg,normal
image_1280.jpg,normal
image_1281.jpg,normal;wrinkle
image_1282.jpg,wrinkle
image_1283.jpg,normal;darkspot
image_1284.jpg,dry
image_1285.jpeg,acne
image_1286.jpg,normal
image_1287.jpg,normal;darkspot
image_1288.jpg,normal;darkspot
image_1289.jpg,normal;wrinkle
image_1290.jpg,normal;darkspot;wrinkle
image_1291.jpg,dry;darkspot
image_1292.jpg,normal
image_1293.jpg,dry;darkspot
image_1294.jpg,normal;wrinkle
image_1295.jpg,normal;darkspot
image_1296.jpg,dry
image_1297.jpeg,dry
image_1298.jpg,normal
image_1299.jpg,normal;darkspot
image_1300.jpg,normal;darkspot
image_1301.jpg,normal;darkspot
image_1302.jpg,normal;darkspot
image_1303.jpg,oily
image_1304.jpg,oily
image_1305.jpg,normal
image_1306.jpg,normal;darkspot;wrinkle
image_1307.jpg,normal
image_1308.jpg,normal;wrinkle
image_1309.jpeg,normal;darkspot
image_1310.jpg,dry
image_1311.jpg,dry
image_1312.jpg,normal;wrinkle
image_1313.jpg,dry
image_1314.jpg,dry;wrinkle
image_1315.jpg,normal
image_1316.jpg,normal
image_1317.jpg,dry;wrinkle
image_1318.jpg,normal
image_1319.jpg,oily;acne
image_1320.jpg,normal
image_1321.jpeg,dry
image_1322.jpg,dry
image_1323.jpg,dry;darkspot;wrinkle
image_1324.jpg,dry
image_1325.jpg,normal
image_1326.jpg,dry;wrinkle
image_1327.jpg,dry;wrinkle
image_1328.jpg,normal
image_1329.jpg,normal
image_1330.jpg,darkspot
image_1331.jpg,oily
image_1332.jpg,normal;acne
image_1333.jpeg,dry;darkspot
image_1334.jpg,dry
image_1335.jpg,wrinkle;darkspot
image_1336.jpg,oily
image_1337.jpg,normal
image_1338.jpg,wrinkle
image_1339.jpg,normal;darkspot;wrinkle
image_1340.jpg,dry;acne
image_1341.jpg,normal
image_1342.jpg,normal
image_1343.jpg,normal;wrinkle
image_1344.jpg,normal;wrinkle
image_1345.jpeg,dry
image_1346.jpg,dry;wrinkle
image_1347.jpeg,dry;darkspot;acne
image_1348.jpg,dry
image_1349.jpg,normal
image_1350.jpg,normal
image_1351.jpg,normal;wrinkle
image_1352.jpg,oily
image_1353.jpg,darkspot;wrinkle
image_1354.jpg,normal;wrinkle
image_1355.jpg,darkspot;wrinkle
image_1356.jpg,normal
image_1357.jpg,normal;darkspot
image_1358.jpg,normal;darkspot;wrinkle
image_1359.jpeg,dry
image_1360.jpg,dry
image_1361.jpg,oily
image_1362.jpg,normal;darkspot
image_1363.jpg,normal
image_1364.jpg,normal
image_1365.jpg,oily;wrinkle
image_1366.jpg,normal
image_1367.jpg,dry
image_1368.jpeg,dry
image_1369.jpg,dry
image_1370.jpeg,normal
image_1371.jpg,dry
image_1372.jpeg,dry
image_1373.jpg,dry
image_1374.jpeg,dry
image_1375.jpg,dry
image_1376.jpeg,dry
image_1377.jpg,dry
image_1378.jpeg,dry;darkspot
image_1379.jpg,dry
image_1380.jpeg,dry;acne
image_1381.jpg,dry
image_1382.jpeg,dry
image_1383.jpg,dry
image_1384.jpeg,dry
image_1385.jpg,dry
image_1386.jpeg,dry
image_1387.jpg,dry;darkspot
image_1388.jpeg,dry
image_1389.jpg,dry;darkspot
image_1390.jpeg,dry
image_1391.jpg,dry;darkspot
image_1392.jpeg,dry
image_1393.jpg,dry
image_1394.jpeg,dry
image_1395.jpg,dry
image_1396.jpeg,dry
image_1397.jpg,dry
image_1398.jpeg,dry
image_1399.jpg,dry
image_1400.jpeg,dry
image_1401.jpg,dry
image_1402.jpeg,dry
image_1403.jpg,dry
image_1404.jpeg,dry
image_1405.jpg,dry
image_1406.jpeg,dry
image_1407.jpg,dry
image_1408.jpeg,dry
image_1409.jpg,dry
image_1410.jpeg,dry
image_1411.jpg,dry;darkspot
image_1412.jpeg,dry
image_1413.jpg,dry;darkspot
image_1414.jpeg,dry
image_1415.jpg,dry;darkspot
image_1416.jpeg,dry
image_1417.jpg,dry;darkspot
image_1418.jpeg,dry
image_1419.jpg,dry;wrinkle
image_1420.jpeg,dry;wrinkle
image_1421.jpg,dry;wrinkle
image_1422.jpeg,dry
image_1423.jpg,dry;wrinkle;acne
image_1424.jpeg,dry
image_1425.jpg,dry
image_1426.jpeg,dry
image_1427.jpg,dry;darkspot
image_1428.jpeg,dry
image_1429.jpg,dry;wrinkle
image_1430.jpeg,dry
image_1431.jpg,dry;wrinkle
image_1432.jpeg,dry
image_1433.jpg,dry
image_1434.jpeg,dry;wrinkle;other
image_1435.jpg,dry;wrinkle
image_1436.jpeg,dry;acne
image_1437.jpg,dry;wrinkle
image_1438.jpeg,dry
image_1439.jpg,dry
image_1440.jpeg,dry;acne
image_1441.jpg,dry
image_1442.jpeg,dry
image_1443.jpg,dry
image_1444.jpeg,dry
image_1445.jpg,dry
image_1446.jpeg,dry
image_1447.jpg,dry
image_1448.jpeg,dry
image_1449.jpg,dry
image_1450.jpeg,dry
image_1451.jpg,dry
image_1452.jpeg,dry;darkspot
image_1453.jpg,dry;acne
image_1454.jpeg,dry
image_1455.jpg,dry;acne
image_1456.jpeg,dry
image_1457.jpg,dry;acne
image_1458.jpeg,dry
image_1459.jpg,dry
image_1460.jpeg,dry
image_1461.jpg,dry
image_1462.jpeg,dry
image_1463.jpg,dry
image_1464.jpeg,dry
image_1465.jpg,dry
image_1466.jpeg,dry
image_1467.jpg,dry
image_1468.jpeg,dry
image_1469.jpg,dry;wrinkle
image_1470.jpeg,dry
image_1471.jpg,dry
image_1472.jpeg,dry
image_1473.jpg,dry
image_1474.jpeg,dry
image_1475.jpg,dry
image_1476.jpeg,dry
image_1477.jpg,dry
image_1478.jpeg,dry;wrinkle
image_1479.jpg,dry
image_1480.jpeg,dry
image_1481.jpg,dry
image_1482.jpeg,dry
image_1483.jpg,dry
image_1484.jpeg,dry
image_1485.jpg,dry
image_1486.jpeg,dry
image_1487.jpg,dry;wrinkle
image_1488.jpeg,dry
image_1489.jpg,dry
image_1490.jpeg,dry
image_1491.jpg,dry
image_1492.jpeg,dry;acne
image_1493.jpg,dry
image_1494.jpeg,normal
image_1495.jpg,normal;darkspot
image_1496.jpeg,normal
image_1497.jpg,normal
image_1498.jpg,normal;darkspot
image_1499.jpg,normal
image_1500.jpg,normal
image_1501.jpg,normal
image_1502.jpg,normal
image_1503.jpg,normal
image_1504.jpg,dry
image_1505.jpg,oily
image_1506.jpg,normal
image_1507.jpg,normal
image_1508.jpg,normal;wrinkle
image_1509.jpg,normal
image_1510.jpg,oily;darkspot
image_1511.jpg,normal
image_1512.jpg,normal;acne
image_1513.jpg,acne;darkspot
image_1514.jpg,acne
image_1515.jpg,normal;acne
image_1516.jpg,acne
image_1517.jpg,normal
image_1518.jpg,normal
image_1519.jpg,normal;darkspot
image_1520.jpg,acne
image_1521.jpg,normal
image_1522.jpg,acne
image_1523.jpg,darkspot
image_1524.jpg,normal
image_1525.jpg,normal
image_1526.jpg,acne
image_1527.jpg,darkspot
image_1528.jpg,normal
image_1529.jpeg,normal
image_1530.jpg,normal;wrinkle
image_1531.jpg,dry
image_1532.jpg,normal
image_1533.jpg,normal;darkspot
image_1534.jpg,acne;wrinkle
image_1535.jpg,normal
image_1536.jpg,normal
image_1537.jpg,normal
image_1538.jpg,normal;wrinkle
image_1539.jpg,normal
image_1540.jpg,normal
image_1541.jpg,acne
image_1542.jpg,normal
image_1543.jpg,normal;darkspot
image_1544.jpg,normal;darkspot
image_1545.jpg,normal;wrinkle
image_1546.jpg,normal;darkspot
image_1547.jpg,normal
image_1548.jpg,normal
image_1549.jpg,normal
image_1550.jpg,normal
image_1551.jpg,normal
image_1552.jpg,normal;wrinkle
image_1553.jpg,normal;wrinkle
image_1554.jpg,normal
image_1555.jpg,normal
image_1556.jpg,normal
image_1557.jpg,darkspot
image_1558.jpg,normal
image_1559.jpg,normal
image_1560.jpg,acne
image_1561.jpg,acne
image_1562.jpg,acne;darkspot
image_1563.jpg,normal
image_1564.jpg,normal;wrinkle
image_1565.jpg,normal;wrinkle
image_1566.jpg,normal;wrinkle
image_1567.jpg,normal
image_1568.jpg,oily
image_1569.jpg,normal
image_1570.jpg,normal;wrinkle
image_1571.jpg,normal
image_1572.jpg,normal
image_1573.jpg,normal
image_1574.jpg,normal;wrinkle
image_1575.jpg,normal;wrinkle
image_1576.jpg,normal;wrinkle
image_1577.jpg,normal
image_1578.jpg,normal
image_1579.jpg,normal
image_1580.jpg,normal
image_1581.jpg,normal
image_1582.jpg,normal
image_1583.jpg,normal
image_1584.jpg,normal
image_1585.jpg,acne;darkspot
image_1586.jpg,darkspot
image_1587.jpg,acne;darkspot
image_1588.jpg,normal
image_1589.jpg,normal;darkspot
image_1590.jpg,normal
image_1591.jpg,normal;darkspot
image_1592.jpg,normal
image_1593.jpg,normal
image_1594.jpg,normal
image_1595.jpg,normal
image_1596.jpg,normal
image_1597.jpg,darkspot
image_1598.jpg,normal
image_1599.jpg,normal
image_1600.jpg,normal
image_1601.jpg,normal
image_1602.jpg,normal
image_1603.jpg,normal
image_1604.jpg,normal
image_1605.jpg,normal
image_1606.jpg,normal
image_1607.jpg,normal
image_1608.jpg,dry;darkspot
image_1609.jpg,dry;darkspot
image_1610.jpg,normal;darkspot
image_1611.jpg,acne;darkspot
image_1612.jpg,normal
image_1613.jpg,normal
image_1614.jpg,darkspot
image_1615.jpg,normal
image_1616.jpg,acne
image_1617.jpg,normal
image_1618.jpg,normal
image_1619.jpg,normal
image_1620.jpg,normal
image_1621.jpg,normal
image_1622.jpg,normal
image_1623.jpg,normal;wrinkle
image_1624.jpg,normal
image_1625.jpg,normal
image_1626.jpg,normal
image_1627.jpg,normal
image_1628.jpg,darkspot
image_1629.jpg,darkspot
image_1630.jpeg,normal
image_1631.jpg,darkspot
image_1632.jpg,normal
image_1633.jpg,normal
image_1634.jpg,acne
image_1635.jpg,acne
image_1636.jpg,acne
image_1637.jpg,acne
image_1638.jpg,acne
image_1639.jpg,normal
image_1640.jpg,normal
image_1641.jpg,normal
image_1642.jpg,acne
image_1643.jpg,acne
image_1644.jpg,acne
image_1645.jpg,acne
image_1646.jpg,acne;darkspot
image_1647.jpg,acne;darkspot
image_1648.jpg,normal
image_1649.jpg,normal
image_1650.jpg,normal
image_1651.jpg,normal;darkspot
image_1652.jpg,normal;darkspot
image_1653.jpg,normal
image_1654.jpg,normal
image_1655.jpg,normal
image_1656.jpg,normal
image_1657.jpg,acne
image_1658.jpg,acne
image_1659.jpg,acne
image_1660.jpg,acne
image_1661.jpg,normal
image_1662.jpg,normal
image_1663.jpg,acne
image_1664.jpg,darkspot
image_1665.jpg,darkspot
image_1666.jpg,darkspot
image_1667.jpg,normal
image_1668.jpg,normal
image_1669.jpg,normal
image_1670.jpg,normal
image_1671.jpg,normal
image_1672.jpg,normal
image_1673.jpg,normal
image_1674.jpg,wrinkle
image_1675.jpg,acne
image_1676.jpg,normal
image_1677.jpg,darkspot
image_1678.jpg,darkspot
image_1679.jpg,darkspot
image_1680.jpg,darkspot
image_1681.jpg,darkspot
image_1682.jpg,normal
image_1683.jpg,normal
image_1684.jpg,normal
image_1685.jpg,normal
image_1686.jpg,normal
image_1687.jpg,acne
image_1688.jpg,wrinkle
image_1689.jpg,normal
image_1690.jpg,normal
image_1691.jpg,normal
image_1692.jpg,normal
image_1693.jpg,normal
image_1694.jpg,normal
image_1695.jpg,normal
image_1696.jpg,normal
image_1697.jpg,normal
image_1698.jpg,darkspot
image_1699.jpg,acne
image_1700.jpg,acne
image_1701.jpg,acne
image_1702.jpg,normal
image_1703.jpg,normal
image_1704.jpg,normal
image_1705.jpg,normal
image_1706.jpg,normal
image_1707.jpg,normal
image_1708.jpg,normal
image_1709.jpg,normal
image_1710.jpg,normal
image_1711.jpg,normal
image_1712.jpg,acne
image_1713.jpg,normal
image_1714.jpg,normal
image_1715.jpg,normal
image_1716.jpg,acne
image_1717.jpg,acne
image_1718.jpg,acne
image_1719.jpg,acne
image_1720.jpg,acne
image_1721.jpg,normal
image_1722.jpg,acne
image_1723.jpg,acne
image_1724.jpg,acne;wrinkle
image_1725.jpg,acne;wrinkle
image_1726.jpg,acne
image_1727.jpg,normal
image_1728.jpg,normal
image_1729.jpg,acne
image_1730.jpg,acne
image_1731.jpg,normal
image_1732.jpg,normal
image_1733.jpg,wrinkle
image_1734.jpg,wrinkle
image_1735.jpg,acne
image_1736.jpg,normal
image_1737.jpg,normal
image_1738.jpg,darkspot
image_1739.jpg,acne
image_1740.jpg,acne
image_1741.jpg,normal
image_1742.jpg,acne
image_1743.jpg,acne
image_1744.jpg,acne
image_1745.jpg,normal
image_1746.jpg,normal
image_1747.jpg,normal
image_1748.jpg,normal
image_1749.jpg,normal
image_1750.jpg,normal
image_1751.jpg,normal
image_1752.jpg,normal
image_1753.jpg,normal
image_1754.jpg,normal
image_1755.jpg,normal;darkspot
image_1756.jpg,normal;wrinkle
image_1757.jpg,normal;darkspot
image_1758.jpg,normal
image_1759.jpg,normal
image_1760.jpg,normal
image_1761.jpg,normal;darkspot
image_1762.jpg,normal;acne
image_1763.jpg,normal
image_1764.jpg,normal
image_1765.jpg,normal
image_1766.jpg,normal;wrinkle
image_1767.jpg,normal
image_1768.jpg,normal
image_1769.jpg,normal
image_1770.jpg,normal
image_1771.jpg,normal
image_1772.jpg,normal
image_1773.jpg,normal;acne
image_1774.jpg,normal
image_1775.jpg,normal
image_1776.jpg,normal
image_1777.jpg,normal
image_1778.jpg,normal
image_1779.jpg,normal
image_1780.jpg,normal;other
image_1781.jpg,normal
image_1782.jpg,normal;other
image_1783.jpg,normal
image_1784.jpg,normal
image_1785.jpg,normal
image_1786.jpg,normal;wrinkle
image_1787.jpg,normal
image_1788.jpg,normal
image_1789.jpg,normal
image_1790.jpg,normal
image_1791.jpg,normal
image_1792.jpg,normal
image_1793.jpg,normal
image_1794.jpg,normal
image_1795.jpg,normal
image_1796.jpg,normal
image_1797.jpg,normal
image_1798.jpg,normal
image_1799.jpg,normal
image_1800.jpg,normal
image_1801.jpg,normal
image_1802.jpg,normal
image_1803.jpg,normal
image_1804.jpg,normal
image_1805.jpg,normal
image_1806.jpg,normal
image_1807.jpg,normal
image_1808.jpg,normal
image_1809.jpg,normal;wrinkle
image_1810.jpg,normal
image_1811.jpg,normal
image_1812.jpg,normal
image_1813.jpg,normal;wrinkle
image_1814.jpg,normal;darkspot
image_1815.jpg,normal
image_1816.jpg,normal
image_1817.jpg,normal
image_1818.jpg,normal
image_1819.jpg,normal
image_1820.jpg,normal
image_1821.jpg,normal;acne
image_1822.jpg,normal
image_1823.jpg,normal
image_1824.jpg,normal
image_1825.jpg,normal
image_1826.jpg,normal
image_1827.jpg,normal
image_1828.jpg,normal
image_1829.jpg,normal;wrinkle
image_1830.jpg,normal
image_1831.jpg,normal
image_1832.jpg,normal
image_1833.jpg,normal
image_1834.jpg,normal
image_1835.jpg,normal
image_1836.jpg,normal
image_1837.jpg,normal
image_1838.jpg,normal
image_1839.jpg,normal
image_1840.jpg,normal
image_1841.jpg,normal;darkspot
image_1842.jpg,normal;darkspot
image_1843.jpg,normal
image_1844.jpg,normal
image_1845.jpg,normal
image_1846.jpg,acne;darkspot
image_1847.jpg,normal
image_1848.jpg,normal;wrinkle
image_1849.jpg,normal
image_1850.jpg,normal
image_1851.jpg,normal
image_1852.jpg,normal
image_1853.jpg,normal
image_1854.jpg,normal
image_1855.jpg,normal
image_1856.jpg,normal
image_1857.jpg,darkspot
image_1858.jpg,normal
image_1859.jpg,normal
image_1860.jpg,normal
image_1861.jpg,normal
image_1862.jpg,normal
image_1863.jpg,acne
image_1864.jpg,normal
image_1865.jpg,normal
image_1866.jpg,darkspot
image_1867.jpg,oily
image_1868.jpg,normal
image_1869.jpg,acne
image_1870.jpg,acne
image_1871.jpg,acne
image_1872.jpg,normal
image_1873.jpg,acne
image_1874.jpg,normal
image_1875.jpg,normal
image_1876.jpg,normal
image_1877.jpg,acne
image_1878.jpg,wrinkle
image_1879.jpg,acne
image_1880.jpg,darkspot
image_1881.jpg,acne
image_1882.jpg,acne
image_1883.jpg,wrinkle
image_1884.jpg,normal
image_1885.jpg,normal
image_1886.jpg,normal
image_1887.jpg,normal
image_1888.jpg,normal
image_1889.jpg,normal
image_1890.jpg,normal
image_1891.jpg,normal
image_1892.jpg,normal
image_1893.jpg,normal
image_1894.jpg,normal
image_1895.jpg,normal
image_1896.jpg,acne
image_1897.jpg,normal
image_1898.jpg,normal
image_1899.jpg,acne
image_1900.jpg,acne
image_1901.jpg,acne
image_1902.jpg,acne
image_1903.jpg,acne
image_1904.jpg,normal
image_1905.jpg,normal
image_1906.jpg,darkspot
image_1907.jpg,normal
image_1908.jpg,normal
image_1909.jpg,acne
image_1910.jpg,acne
image_1911.jpg,acne
image_1912.jpg,normal
image_1913.jpg,acne
image_1914.jpg,normal
image_1915.jpg,normal
image_1916.jpg,darkspot
image_1917.jpg,normal
image_1918.jpg,normal
image_1919.jpg,normal
image_1920.jpg,normal
image_1921.jpg,normal
image_1922.jpg,normal
image_1923.jpg,normal
image_1924.jpg,normal
image_1925.jpg,normal
image_1926.jpg,normal
image_1927.jpg,normal
image_1928.jpg,normal
image_1929.jpg,normal
image_1930.jpg,normal
image_1931.jpg,normal
image_1932.jpg,normal
image_1933.jpg,darkspot;acne
image_1934.jpg,normal
image_1935.jpg,normal
image_1936.jpg,normal
image_1937.jpg,normal
image_1938.jpg,normal
image_1939.jpg,normal
image_1940.jpg,normal
image_1941.jpg,acne;dry
image_1942.jpg,normal
image_1943.jpg,other
image_1944.jpg,normal
image_1945.jpg,normal
image_1946.jpg,normal
image_1947.jpg,normal
image_1948.jpg,darkspot
image_1949.jpg,normal
image_1950.jpg,normal
image_1951.jpg,normal
image_1952.jpg,normal
image_1953.jpg,normal
image_1954.jpg,normal
image_1955.jpg,normal
image_1956.jpg,normal
image_1957.jpg,normal
image_1958.jpg,darkspot
image_1959.jpg,normal
image_1960.jpg,wrinkle
image_1961.jpg,wrinkle
image_1962.jpg,normal
image_1963.jpg,wrinkle;darkspot
image_1964.jpg,normal
image_1965.jpg,normal
image_1966.jpg,darkspot
image_1967.jpg,wrinkle
image_1968.jpg,normal
image_1969.jpg,normal
image_1970.jpg,darkspot
image_1971.jpg,other
image_1972.jpg,acne
image_1973.jpg,normal
image_1974.jpg,normal
image_1975.jpg,normal
image_1976.jpg,normal
image_1977.jpg,normal
image_1978.jpg,normal
image_1979.jpg,normal
image_1980.jpg,darkspot
image_1981.jpg,normal
image_1982.jpg,normal
image_1983.jpg,normal
image_1984.jpg,normal
image_1985.jpg,normal
image_1986.jpg,normal
image_1987.jpg,wrinkle
image_1988.jpg,dry
image_1989.jpg,normal
image_1990.jpg,normal
image_1991.jpg,normal
image_1992.jpg,normal
image_1993.jpg,normal
image_1994.jpg,other
image_1995.jpg,normal
image_1996.jpg,normal
image_1997.jpg,normal
image_1998.jpg,normal
image_1999.jpg,normal
image_2000.jpg,normal
image_2001.jpg,normal
image_2002.jpg,normal
image_2003.jpg,normal
image_2004.jpg,normal
image_2005.jpg,normal
image_2006.jpg,normal
image_2007.jpg,normal
image_2008.jpg,normal
image_2009.jpg,normal
image_2010.jpg,wrinkle
image_2011.jpg,normal
image_2012.jpg,normal
image_2013.jpg,normal
image_2014.jpg,normal
image_2015.jpg,normal
image_2016.jpg,normal
image_2017.jpg,normal
image_2018.jpg,normal
image_2019.jpg,normal
image_2020.jpg,normal
image_2021.jpg,normal
image_2022.jpg,normal
image_2023.jpg,normal
image_2024.jpg,darkspot
image_2025.jpg,normal
image_2026.jpg,darkspot
image_2027.jpg,normal
image_2028.jpg,normal
image_2029.jpg,normal
image_2030.jpg,normal
image_2031.jpg,normal
image_2032.jpg,darkspot
image_2033.jpg,normal
image_2034.jpg,normal
image_2035.jpg,normal
image_2036.jpg,normal
image_2037.jpg,normal
image_2038.jpg,darkspot
image_2039.jpg,normal
image_2040.jpg,normal
image_2041.jpg,normal
image_2042.jpg,normal
image_2043.jpg,acne;darkspot
image_2044.jpg,normal
image_2045.jpg,normal
image_2046.jpg,wrinkle
image_2047.jpg,normal
image_2048.jpg,normal
image_2049.jpg,normal
image_2050.jpg,normal
image_2051.jpg,normal
image_2052.jpg,normal
image_2053.jpg,normal
image_2054.jpg,normal
image_2055.jpg,normal
image_2056.jpg,normal
image_2057.jpg,normal
image_2058.jpg,normal
image_2059.jpg,normal
image_2060.jpg,acne;dry
image_2061.jpg,normal
image_2062.jpg,darkspot
image_2063.jpg,normal
image_2064.jpg,normal
image_2065.jpg,normal
image_2066.jpg,normal
image_2067.jpg,normal
image_2068.jpg,acne
image_2069.jpg,normal
image_2070.jpg,normal
image_2071.jpg,wrinkle
image_2072.jpg,normal
image_2073.jpg,normal
image_2074.jpg,normal
image_2075.jpg,normal
image_2076.jpg,normal
image_2077.jpg,normal
image_2078.jpg,normal
image_2079.jpg,normal
image_2080.jpg,wrinkle
image_2081.jpg,normal
image_2082.jpg,normal
image_2083.jpg,normal
image_2084.jpg,normal
image_2085.jpg,darkspot
image_2086.jpg,normal
image_2087.jpg,normal
image_2088.jpg,normal
image_2089.jpg,wrinkle
image_2090.jpg,normal
image_2091.jpg,normal
image_2092.jpg,normal
image_2093.jpg,normal
image_2094.jpg,normal
image_2095.jpg,normal
image_2096.jpg,normal
image_2097.jpg,darkspot
image_2098.jpg,darkspot;acne
image_2099.jpg,darkspot
image_2100.jpg,normal
image_2101.jpg,normal
image_2102.jpg,normal
image_2103.jpg,normal
image_2104.jpg,acne
image_2105.jpg,normal
image_2106.jpg,normal
image_2107.jpg,normal
image_2108.jpg,dry;other
image_2109.jpg,normal
image_2110.jpg,normal
image_2111.jpg,normal
image_2112.jpg,normal
image_2113.jpg,normal
image_2114.jpg,normal
image_2115.jpg,normal
image_2116.jpg,normal
image_2117.jpg,acne
image_2118.jpg,normal
image_2119.jpg,normal
image_2120.jpg,normal
image_2121.jpg,acne;darkspot
image_2122.jpg,darkspot
image_2123.jpg,wrinkle
image_2124.jpg,normal
image_2125.jpg,normal
image_2126.jpg,normal
image_2127.jpg,normal
image_2128.jpg,normal
image_2129.jpg,normal
image_2130.jpg,normal
image_2131.jpg,normal
image_2132.jpg,wrinkle
image_2133.jpg,normal
image_2134.jpg,normal
image_2135.jpg,normal
image_2136.jpg,normal
image_2137.jpg,normal
image_2138.jpg,darkspot
image_2139.jpg,normal
image_2140.jpg,normal
image_2141.jpg,darkspot
image_2142.jpg,normal
image_2143.jpg,acne
image_2144.jpg,normal
image_2145.jpg,normal
image_2146.jpg,normal
image_2147.jpg,normal
image_2148.jpg,normal
image_2149.jpg,darkspot
image_2150.jpg,acne;darkspot
image_2151.jpg,normal
image_2152.jpg,darkspot
image_2153.jpg,other
image_2154.jpg,normal
image_2155.jpg,normal
image_2156.jpg,normal
image_2157.jpg,normal
image_2158.jpg,normal
image_2159.jpg,darkspot
image_2160.jpg,normal
image_2161.jpg,normal
image_2162.jpg,normal
image_2163.jpg,normal
image_2164.jpg,normal
image_2165.jpg,normal
image_2166.jpg,normal
image_2167.jpg,normal
image_2168.jpg,normal
image_2169.jpg,darkspot
image_2170.jpg,normal
image_2171.jpg,normal
image_2172.jpg,normal
image_2173.jpg,normal
image_2174.jpg,normal
image_2175.jpg,acne;dry
image_2176.jpg,normal
image_2177.jpg,normal
image_2178.jpg,normal
image_2179.jpg,acne;other
image_2180.jpg,normal
image_2181.jpg,acne
image_2182.jpg,wrinkle
image_2183.jpg,normal
image_2184.jpg,normal
image_2185.jpg,wrinkle
image_2186.jpg,normal
image_2187.jpg,normal
image_2188.jpg,wrinkle
image_2189.jpg,normal
image_2190.jpg,normal
image_2191.jpg,wrinkle
image_2192.jpeg,oily
image_2193.jpg,oily
image_2194.jpeg,oily
image_2195.jpg,oily
image_2196.jpg,oily
image_2197.jpg,oily
image_2198.jpg,oily
image_2199.jpg,oily
image_2200.jpg,oily;acne
image_2201.jpg,oily;acne
image_2202.jpg,oily;acne
image_2203.jpg,oily;acne
image_2204.jpg,oily;acne
image_2205.jpg,oily
image_2206.jpeg,oily
image_2207.jpg,oily
image_2208.jpg,oily
image_2209.jpg,oily
image_2210.jpg,oily;acne
image_2211.jpg,oily
image_2212.jpg,oily
image_2213.jpg,oily
image_2214.jpg,oily
image_2215.jpg,oily
image_2216.jpg,oily
image_2217.jpg,oily
image_2218.jpeg,oily
image_2219.jpg,oily
image_2220.jpg,oily
image_2221.jpg,oily
image_2222.jpg,oily
image_2223.jpg,oily;acne
image_2224.jpg,oily;acne
image_2225.jpg,oily;acne
image_2226.jpg,oily;acne
image_2227.jpg,oily;acne
image_2228.jpg,oily;acne
image_2229.jpg,oily
image_2230.jpeg,oily
image_2231.jpg,oily
image_2232.jpg,oily
image_2233.jpg,oily
image_2234.jpg,oily
image_2235.jpg,oily
image_2236.jpg,oily
image_2237.jpg,oily
image_2238.jpg,oily;darkspot
image_2239.jpg,oily
image_2240.jpg,oily
image_2241.jpg,oily
image_2242.jpeg,oily
image_2243.jpg,oily
image_2244.jpg,oily
image_2245.jpg,oily
image_2246.jpg,oily
image_2247.jpg,oily
image_2248.jpg,oily
image_2249.jpg,oily
image_2250.jpg,oily;darkspot
image_2251.jpg,oily;darkspot
image_2252.jpg,oily
image_2253.jpg,oily
image_2254.jpg,oily
image_2255.jpg,oily
image_2256.jpg,oily;acne
image_2257.jpg,oily
image_2258.jpg,oily
image_2259.jpg,oily;acne
image_2260.jpg,oily;acne
image_2261.jpg,oily
image_2262.jpg,oily
image_2263.jpg,oily
image_2264.jpg,oily
image_2265.jpeg,oily
image_2266.jpg,oily
image_2267.jpg,oily
image_2268.jpg,oily
image_2269.jpg,oily
image_2270.jpg,oily
image_2271.jpg,oily
image_2272.jpg,oily;acne
image_2273.jpg,oily
image_2274.jpg,oily
image_2275.jpg,oily
image_2276.jpg,oily
image_2277.jpg,oily
image_2278.jpg,oily
image_2279.jpg,oily;acne
image_2280.jpg,oily;acne
image_2281.jpg,oily;acne
image_2282.jpg,oily;acne
image_2283.jpg,oily;acne
image_2284.jpg,acne;dry
image_2285.jpg,acne;dry
image_2286.jpg,acne;dry
image_2287.jpg,oily;acne
image_2288.jpg,oily
image_2289.jpg,oily;acne
image_2290.jpg,oily
image_2291.jpg,oily
image_2292.jpg,oily
image_2293.jpg,oily
image_2294.jpg,oily
image_2295.jpg,oily;acne
image_2296.jpg,oily
image_2297.jpg,oily
image_2298.jpg,oily;acne
image_2299.jpg,oily
image_2300.jpg,oily
image_2301.jpg,oily
image_2302.jpg,oily
image_2303.jpg,oily
image_2304.jpg,oily
image_2305.jpg,oily
image_2306.jpg,oily
image_2307.jpg,oily
image_2308.jpg,oily
image_2309.jpg,oily
image_2310.jpeg,oily
image_2311.jpg,oily
image_2312.jpg,oily;acne
image_2313.jpg,oily
image_2314.jpg,oily
image_2315.jpg,oily
image_2316.jpg,oily
image_2317.jpg,oily
image_2318.jpg,oily
image_2319.jpg,oily
image_2320.jpg,oily
image_2321.jpg,oily
image_2322.jpg,oily
image_2323.jpg,oily
image_2324.jpg,oily;acne
image_2325.jpg,oily;acne
image_2326.jpg,oily
image_2327.jpg,oily;acne
image_2328.jpg,oily;acne
image_2329.jpg,oily
image_2330.jpg,oily;acne
image_2331.jpg,oily
image_2332.jpg,oily
image_2333.jpg,oily
image_2334.jpg,oily
image_2335.jpg,oily
image_2336.jpg,oily
image_2337.jpg,oily
image_2338.jpg,oily
image_2339.jpg,oily
image_2340.jpg,oily
image_2341.jpg,oily
image_2342.jpg,oily
image_2343.jpg,oily
image_2344.jpg,oily
image_2345.jpg,oily
image_2346.jpg,oily
image_2347.jpg,oily
image_2348.jpg,oily
image_2349.jpg,oily
image_2350.jpg,oily
image_2351.jpg,oily
image_2352.jpg,oily
image_2353.jpg,oily
image_2354.jpg,oily
image_2355.jpg,oily
image_2356.jpg,oily
image_2357.jpg,normal
image_2358.jpg,oily
image_2359.jpg,oily
image_2360.jpg,oily
image_2361.jpg,oily
image_2362.jpg,oily
image_2363.jpg,oily
image_2364.jpg,oily
image_2365.jpg,oily
image_2366.jpg,oily
image_2367.jpg,oily
image_2368.jpg,oily
image_2369.jpg,oily
image_2370.jpg,oily
image_2371.jpg,oily
image_2372.jpg,oily
image_2373.jpg,oily;acne
image_2374.jpg,oily
image_2375.jpg,oily;acne
image_2376.jpg,oily
image_2377.jpg,oily;wrinkle
image_2378.jpg,oily
image_2379.jpg,oily;wrinkle
image_2380.jpg,oily;wrinkle
image_2381.jpg,oily
image_2382.jpg,other
image_2383.jpg,oily
image_2384.jpg,oily
image_2385.jpg,oily;acne
image_2386.jpg,oily;acne
image_2387.jpg,oily;acne
image_2388.jpg,oily;acne
image_2389.jpg,oily
image_2390.jpg,oily
image_2391.jpg,oily;darkspot;wrinkle
image_2392.jpg,oily
image_2393.jpg,oily;acne
image_2394.jpg,oily;acne
image_2395.jpg,oily;acne;darkspot;wrinkle
image_2396.jpg,oily;darkspot
image_2397.jpg,oily
image_2398.jpg,oily
image_2399.jpg,oily
image_2400.jpg,oily
image_2401.jpg,oily;acne
image_2402.jpg,oily;darkspot
image_2403.jpg,oily
image_2404.jpg,oily
image_2405.jpg,oily
image_2406.jpg,oily
image_2407.jpg,oily;acne
image_2408.jpg,oily
image_2409.jpg,oily;acne
image_2410.jpg,oily;acne
image_2411.jpg,oily
image_2412.jpg,oily;acne
image_2413.jpg,oily;acne
image_2414.jpg,oily;acne
image_2415.jpg,oily
image_2416.jpg,oily;acne
image_2417.jpg,oily;acne
image_2418.jpg,oily;acne
image_2419.jpg,oily;acne
image_2420.jpg,oily
image_2421.jpg,oily;acne
image_2422.jpeg,oily
image_2423.jpg,oily
image_2424.jpg,oily
image_2425.jpg,oily;acne
image_2426.jpg,oily;acne
image_2427.jpg,oily
image_2428.jpg,oily
image_2429.jpg,oily;wrinkle
image_2430.jpg,oily
image_2431.jpg,oily;wrinkle
image_2432.jpg,oily;acne
image_2433.jpg,oily;acne
image_2434.jpg,oily
image_2435.jpg,oily
image_2436.jpg,oily
image_2437.jpg,oily;acne
image_2438.jpg,oily;acne
image_2439.jpg,oily;darkspot
image_2440.jpg,oily
image_2441.jpg,oily;acne
image_2442.jpg,oily;acne
image_2443.jpg,normal
image_2444.jpg,oily
image_2445.jpg,oily;acne
image_2446.jpg,oily
image_2447.jpg,oily;acne
image_2448.jpg,oily;wrinkle
image_2449.jpg,oily;acne
image_2450.jpg,oily
image_2451.jpg,oily
image_2452.jpg,oily
image_2453.jpg,oily
image_2454.jpg,oily
image_2455.jpg,oily
image_2456.jpg,oily
image_2457.jpg,oily
image_2458.jpg,oily
image_2459.jpg,oily
image_2460.jpg,oily
image_2461.jpg,oily
image_2462.jpg,oily
image_2463.jpg,oily;darkspot
image_2464.jpg,oily;darkspot
image_2465.jpg,oily
image_2466.jpg,oily
image_2467.jpg,oily
image_2468.jpg,oily
image_2469.jpg,oily
image_2470.jpg,oily
image_2471.jpg,oily
image_2472.jpg,oily
image_2473.jpg,oily
image_2474.jpg,oily
image_2475.jpg,oily
image_2476.jpg,oily
image_2477.jpg,oily
image_2478.jpg,oily
image_2479.jpg,oily
image_2480.jpg,oily;acne
image_2481.jpg,oily
image_2482.jpg,oily
image_2483.jpg,oily
image_2484.jpg,oily
image_2485.jpg,oily
image_2486.jpg,oily
image_2487.jpg,oily;acne
image_2488.jpg,oily;acne
image_2489.jpg,oily
image_2490.jpg,oily
image_2491.jpg,oily;darkspot
image_2492.jpg,oily
image_2493.jpg,oily
image_2494.jpg,oily
image_2495.jpg,oily
image_2496.jpg,oily
image_2497.jpg,oily
image_2498.jpg,oily;acne
image_2499.jpg,oily
image_2500.jpg,oily
image_2501.jpg,oily
image_2502.jpg,oily
image_2503.jpg,oily
image_2504.jpg,oily
image_2505.jpg,dry;acne
image_2506.jpg,dry;acne
image_2507.jpg,oily
image_2508.jpg,oily;acne
image_2509.jpg,oily
image_2510.jpg,oily
image_2511.jpg,oily
image_2512.jpg,oily
image_2513.jpg,oily
image_2514.jpg,oily
image_2515.jpg,oily
image_2516.jpg,oily
image_2517.jpg,oily
image_2518.jpg,oily
image_2519.jpg,oily
image_2520.jpg,oily
image_2521.jpg,oily
image_2522.jpg,oily
image_2523.jpg,oily
image_2524.jpg,oily
image_2525.jpg,oily
image_2526.jpg,oily
image_2527.jpg,oily
image_2528.jpg,oily
image_2529.jpg,oily
image_2530.jpg,oily;wrinkle
image_2531.jpg,oily;wrinkle;darkspot
image_2532.jpg,oily;wrinkle
image_2533.jpg,oily;acne
image_2534.jpeg,oily;acne
image_2535.jpg,oily
image_2536.jpg,oily
image_2537.jpg,oily
image_2538.jpg,oily
image_2539.jpg,oily;acne
image_2540.jpg,oily;acne
image_2541.jpg,dry;acne
image_2542.jpg,oily;darkspot
image_2543.jpg,acne
image_2544.jpg,oily
image_2545.jpg,oily
image_2546.jpg,oily;acne
image_2547.jpg,oily
image_2548.jpg,normal
image_2549.jpg,normal
image_2550.jpg,normal
image_2551.jpg,oily
image_2552.jpg,normal
image_2553.jpg,darkspot
image_2554.jpg,oily
image_2555.jpg,oily
image_2556.jpg,oily
image_2557.jpg,oily;darkspot
image_2558.jpg,oily;acne
image_2559.jpg,normal
image_2560.jpg,normal
image_2561.jpg,oily;acne
image_2562.jpg,oily
image_2563.jpg,normal
image_2564.jpg,oily;darkspot
image_2565.jpg,darkspot
image_2566.jpg,normal
image_2567.jpg,normal
image_2568.jpg,normal
image_2569.jpg,oily;acne
image_2570.jpg,oily
image_2571.jpg,normal
image_2572.jpg,oily;acne
image_2573.jpg,normal
image_2574.jpg,oily;acne
image_2575.jpg,normal
image_2576.jpg,normal
image_2577.jpg,normal
image_2578.jpg,normal
image_2579.jpg,normal
image_2580.jpg,oily
image_2581.jpg,normal
image_2582.jpg,normal
image_2583.jpg,normal
image_2584.jpg,normal
image_2585.jpg,wrinkle
image_2586.jpg,oily;wrinkle
image_2587.jpg,wrinkle;darkspot
image_2588.jpg,oily
image_2589.jpg,normal
image_2590.jpg,oily
image_2591.jpg,oily
image_2592.jpg,oily
image_2593.jpg,oily
image_2594.jpg,darkspot
image_2595.jpg,normal
image_2596.jpg,normal
image_2597.jpg,darkspot
image_2598.jpg,oily
image_2599.jpg,oily
image_2600.jpg,oily
image_2601.jpg,oily;acne
image_2602.jpg,oily
image_2603.jpg,normal
image_2604.jpg,normal
image_2605.jpg,oily;darkspot
image_2606.jpg,normal
image_2607.jpg,oily;wrinkle
image_2608.jpg,normal
image_2609.jpg,normal
image_2610.jpg,normal
image_2611.jpg,oily
image_2612.jpg,normal
image_2613.jpg,oily
image_2614.jpg,normal
image_2615.jpg,normal
image_2616.jpg,oily
image_2617.jpg,oily
image_2618.jpg,oily;darkspot
image_2619.jpg,normal
image_2620.jpg,normal
image_2621.jpg,normal
image_2622.jpg,normal
image_2623.jpg,normal
image_2624.jpg,oily;acne
image_2625.jpg,oily;darkspot
image_2626.jpg,darkspot
image_2627.jpg,darkspot
image_2628.jpg,other
image_2629.jpg,oily
image_2630.jpg,oily
image_2631.jpg,oily;acne
image_2632.jpg,oily
image_2633.jpg,oily;darkspot
image_2634.jpg,oily;darkspot
image_2635.jpg,oily;acne
image_2636.jpg,acne;other
image_2637.jpg,normal
image_2638.jpg,acne
image_2639.jpg,oily
image_2640.jpg,oily
image_2641.jpg,normal
image_2642.jpg,dry;darkspot
image_2643.jpg,oily
image_2644.jpg,normal
image_2645.jpg,oily
image_2646.jpeg,oily
image_2647.jpg,oily
image_2648.jpg,oily
image_2649.jpg,normal
image_2650.jpg,acne;darkspot
image_2651.jpg,oily
image_2652.jpg,oily;darkspot
image_2653.jpg,normal
image_2654.jpg,normal
image_2655.jpg,normal
image_2656.jpg,normal
image_2657.jpg,oily
image_2658.jpg,oily
image_2659.jpg,oily
image_2660.jpg,oily
image_2661.jpg,normal
image_2662.jpg,normal
image_2663.jpg,normal
image_2664.jpg,other
image_2665.jpg,wrinkle
image_2666.jpg,oily
image_2667.jpg,normal
image_2668.jpg,oily;wrinkle
image_2669.jpg,oily;acne;darkspot
image_2670.jpg,oily
image_2671.jpg,oily
image_2672.jpg,normal
image_2673.jpg,oily
image_2674.jpg,normal
image_2675.jpg,oily
image_2676.jpg,normal
image_2677.jpg,normal
image_2678.jpg,oily;acne;darkspot
image_2679.jpg,oily;acne;darkspot
image_2680.jpg,normal
image_2681.jpg,oily
image_2682.jpg,other
image_2683.jpg,oily
image_2684.jpg,normal
image_2685.jpg,normal
image_2686.jpg,oily;darkspot
image_2687.jpg,oily
image_2688.jpg,normal
image_2689.jpg,normal
image_2690.jpg,oily;acne
image_2691.jpg,oily
image_2692.jpg,oily
image_2693.jpg,oily
image_2694.jpg,oily
image_2695.jpg,normal
image_2696.jpg,oily;darkspot
image_2697.jpg,oily
image_2698.jpg,oily
image_2699.jpg,darkspot
image_2700.jpg,normal
image_2701.jpg,oily
image_2702.jpg,oily
image_2703.jpg,oily
image_2704.jpg,oily;acne
image_2705.jpg,normal
image_2706.jpg,normal
image_2707.jpg,normal
image_2708.jpg,oily
image_2709.jpg,oily
image_2710.jpg,oily
image_2711.jpg,oily
image_2712.jpg,normal
image_2713.jpg,oily;darkspot
image_2714.jpg,oily
image_2715.jpg,oily;darkspot
image_2716.jpg,oily
image_2717.jpg,darkspot
image_2718.jpg,oily
image_2719.jpg,oily
image_2720.jpg,oily
image_2721.jpg,oily
image_2722.jpg,oily
image_2723.jpg,oily
image_2724.jpg,normal
image_2725.jpg,oily
image_2726.jpg,normal
image_2727.jpg,oily
image_2728.jpg,normal
image_2729.jpg,oily
image_2730.jpg,normal
image_2731.jpg,normal
image_2732.jpg,oily
image_2733.jpg,oily
image_2734.jpg,oily;acne
image_2735.jpg,oily;acne
image_2736.jpg,oily
image_2737.jpg,oily
image_2738.jpg,oily
image_2739.jpg,oily;wrinkle
image_2740.jpg,oily
image_2741.jpg,oily
image_2742.jpg,oily;acne
image_2743.jpg,oily
image_2744.jpg,wrinkle
image_2745.jpg,darkspot
image_2746.jpg,oily
image_2747.jpg,oily
image_2748.jpg,normal
image_2749.jpg,oily
image_2750.jpg,normal
image_2751.jpg,oily
image_2752.jpg,other
image_2753.jpg,oily
image_2754.jpg,oily;acne
image_2755.jpg,oily
image_2756.jpg,wrinkle
image_2757.jpg,oily
image_2758.jpeg,oily
image_2759.jpg,oily
image_2760.jpg,oily;acne
image_2761.jpg,oily
image_2762.jpg,oily
image_2763.jpg,oily
image_2764.jpg,oily
image_2765.jpg,normal
image_2766.jpg,darkspot
image_2767.jpg,oily
image_2768.jpg,normal
image_2769.jpg,oily
image_2770.jpg,oily
image_2771.jpg,oily;acne
image_2772.jpg,oily
image_2773.jpg,oily
image_2774.jpg,oily
image_2775.jpg,oily
image_2776.jpg,oily
image_2777.jpg,oily
image_2778.jpeg,oily
image_2779.jpg,oily
image_2780.jpg,oily;acne
image_2781.jpg,oily
image_2782.jpg,oily
image_2783.jpg,oily
image_2784.jpg,oily
image_2785.jpg,oily;acne
image_2786.jpg,oily;acne
image_2787.jpg,oily
image_2788.jpg,oily
image_2789.jpg,oily
image_2790.jpeg,oily
image_2791.jpg,oily
image_2792.jpg,dry;acne
image_2793.jpg,dry;acne
image_2794.jpg,oily
image_2795.jpg,oily
image_2796.jpg,oily
image_2797.jpg,oily
image_2798.jpg,oily
image_2799.jpg,oily
image_2800.jpg,oily
image_2801.jpg,oily
image_2802.jpeg,oily
image_2803.jpg,oily
image_2804.jpg,oily;acne
image_2805.jpg,oily;wrinkle
image_2806.jpg,oily;acne;darkspot
image_2807.jpg,oily;acne;darkspot
image_2808.jpg,oily
image_2809.jpg,oily
image_2810.jpg,oily;wrinkle
image_2811.jpg,oily;darkspot
image_2812.jpg,oily;darkspot
image_2813.jpg,oily
